<?xml version="1.0" encoding="UTF-8"?>
<project-private xmlns="http://www.netbeans.org/ns/project-private/1">
    <editor-bookmarks xmlns="http://www.netbeans.org/ns/editor-bookmarks/2" lastBookmarkId="0"/>
    <open-files xmlns="http://www.netbeans.org/ns/projectui-open-files/2">
        <group>
            <file>file:/C:/Users/HP/OneDrive/Documents/GitHub/Project-YeagerShop/Project_Yeager_1.0/web/add.jsp</file>
            <file>file:/C:/Users/HP/OneDrive/Documents/GitHub/Project-YeagerShop/Project_Yeager_1.0/src/java/controller/MainController.java</file>
            <file>file:/C:/Users/HP/OneDrive/Documents/GitHub/Project-YeagerShop/Project_Yeager_1.0/web/signup.jsp</file>
            <file>file:/C:/Users/HP/OneDrive/Documents/GitHub/Project-YeagerShop/Project_Yeager_1.0/web/home.jsp</file>
            <file>file:/C:/Users/HP/OneDrive/Documents/GitHub/Project-YeagerShop/Project_Yeager_1.0/web/cart.jsp</file>
            <file>file:/C:/Users/HP/OneDrive/Documents/GitHub/Project-YeagerShop/Project_Yeager_1.0/web/detail.jsp</file>
            <file>file:/C:/Users/HP/OneDrive/Documents/GitHub/Project-YeagerShop/Project_Yeager_1.0/web/productform.jsp</file>
            <file>file:/C:/Users/HP/OneDrive/Documents/GitHub/Project-YeagerShop/Project_Yeager_1.0/web/manageAccount.jsp</file>
        </group>
    </open-files>
</project-private>
